mileage,make,model,fuel,gear,offerType,price,hp,year
2,BMW,316,,Manual,Used,,116,2011
92800,Volkswagen,Golf,,Manual,Used,6877,122,2011
149300,SEAT,Exeo,,Manual,Used,6900,160,2011
,Renault,Megane,,Manual,Used,6950,1,2011
,,308,,Manual,Used,6950,156,2011
,Toyota,Auris,Electric/,Automatic,Used,6950,99,2011
91894,Renault,Scenic,,Manual,Used,,131,2011
127500,Opel,Zafira,,Manual,Used,,116,2011
115,Mazda,3,,Automatic,Used,6980,150,2011
4,Ford,Transit,,Manual,Used,,86,2011
59580,Opel,Meriva,,Automatic,Used,,1,2011
84,Volkswagen,Golf,,Manual,Used,,5,2011
427,Mercedes-Benz,E 250,,Automatic,Used,,204,2011
,Chevrolet,Orlando,,Manual,Used,,141,2011
194020,Audi,A4,,Manual,Used,6999,120,2011
0,Volkswagen,Polo,,Manual,Used,6999,60,2011
,Renault,Espace,,Manual,Used,6999,150,2011
,Renault,Grand Espace,,Manual,Used,6999,150,2011
85700,Fiat,Sedici,,Manual,Used,6999,135,2011
82,Opel,Corsa,,Manual,Used,7,1,2011
4,Kia,Picanto,,Automatic,Used,7850,86,2012
81970,Volkswagen,Golf,,Manual,Used,7850,5,2012
24,Dacia,Duster,,Manual,Used,,5,2012
193333,Volkswagen,Cross Touran,,Manual,Used,,5,2012
113,Volkswagen,Beetle,,Manual,Used,,5,2012
117,Volkswagen,Golf Cabriolet,,Manual,Used,7949,5,2012
20,BMW,118,,Manual,Used,7950,143,2012
4250,Opel,Astra,,Manual,Used,7950,140,2012
151250,,308,,Manual,Used,7950,163,2012
,BMW,118,,Manual,Used,7980,143,2012
5,Opel,Astra,,Manual,Used,7980,179,2012
114164,Ford,Focus,,Manual,Used,,125,2012
12,MINI,One D Countryman,,Manual,Used,,90,2012
,BMW,118,,Manual,Used,7999,143,2012
,MINI,Cooper Clubman,,Manual,Used,7999,122,2012
,Mercedes-Benz,B 180,,Manual,Used,,9,2012
51200,Renault,Scenic,,Manual,Used,,131,2012
7,Opel,Insignia,,Manual,Used,,160,2012
1,MINI,One,,Manual,Used,,98,2012
214,,320,,,Used,8199,184,2012
73760,Opel,Zafira,,Manual,Used,,140,2013
113,Volkswagen,Beetle,,Manual,Used,,160,2013
8803,Hyundai,iX35,,Manual,Used,,116,2013
7400,Opel,Adam,,Manual,Used,,1,2013
239211,BMW,520,,Automatic,Used,,184,2013
86980,Ford,B-Max,,Manual,Used,8995,120,2013
9,Volkswagen,Golf Variant,,Automatic,Used,8999,5,2013
98988,Ford,Transit,,Manual,Used,8999,1,2013
41124,Opel,Adam,,Manual,Used,8999,1,2013
170,Volkswagen,Touran,,Manual,Used,8999,140,2013
240,Kia,Optima,,Automatic,Used,9,150,2013
80500,BMW,114,,Manual,Used,9,2,2013
195327,Ford,Galaxy,,Manual,Used,9,140,2013
143316,Volkswagen,Touran,,Automatic,Used,9,140,2013
980,SEAT,Leon,,Manual,Used,90,122,2013
113,Audi,A1,,Manual,Used,90,86,2013
94,Volkswagen,Golf Variant,,Manual,Used,9200,5,2013
68700,Chevrolet,Trax,,Manual,Used,9290,140,2013
16,Toyota,Verso,,Manual,Used,9300,126,2013
77,Volkswagen,Golf Plus,,Automatic,Used,9300,122,2013
45600,Ford,Fiesta,,Manual,Used,,80,2014
2,Opel,Vivaro,,Manual,Used,,140,2014
99756,,Polo,,Manual,Used,,5,2014
8,Toyota,Yaris,Electric/,Automatic,Used,,143,2014
73,Hyundai,iX20,,Manual,Used,,125,2014
133180,Volkswagen,Golf Variant,,Manual,Used,,5,2014
22700,,up!,,Manual,Used,,60,2014
53,Skoda,Rapid/Spaceback,,Manual,Used,8999,5,2014
149786,BMW,116,,,Used,8999,136,2014
197500,Volkswagen,Passat Variant,,Manual,Used,8999,140,2014
57,Kia,Ceed / cee'd,,Manual,Used,9,99,2014
53286,Skoda,Fabia,,Manual,Used,90,86,2014
84721,Toyota,Yaris,,Automatic,Used,9200,1,2014
1100,Audi,A1,,Manual,Used,9200,122,2014
87500,SEAT,Ibiza,,Manual,Used,9290,5,2014
55,Skoda,Rapid/Spaceback,,Manual,Used,9300,5,2014
77,Volkswagen,Polo,,Manual,Used,9300,90,2014
166,Volkswagen,Golf Variant,,Automatic,Used,9400,5,2014
55,Ford,C-Max,,Manual,Used,9450,1,2014
140,Volkswagen,Golf Variant,,Automatic,Used,,1,2015
,Ford,Focus,,Automatic,Used,9999,120,2015
240,Audi,A4,,Manual,Used,9999,190,2015
28238,Opel,Meriva,,Manual,Used,190,140,2015
114327,Opel,Insignia,,Automatic,Used,200,131,2015
352,,Boxer,,Manual,Used,298,150,2015
80575,Volkswagen,Polo,,Manual,Used,299,5,2015
79987,Ford,B-Max,,Automatic,Used,444,5,2015
166554,Skoda,Superb,,Manual,Used,,170,2015
47295,Ford,C-Max,,Manual,Used,,1,2015
90,Opel,Insignia,,Manual,Used,499,170,2015
7,Citroen,C4 Cactus,,Manual,Used,580,1,2015
60,,208,,Manual,Used,750,1,2015
,Hyundai,iX20,,Manual,Used,750,125,2015
24,Infiniti,Q70,,Automatic,Used,900,170,2015
11,Volkswagen,Golf,,Manual,Used,950,150,2015
87,Volkswagen,Golf,,Manual,Used,950,1,2015
137,BMW,316,,Manual,Used,950,116,2015
29,Suzuki,Swift,,Manual,Used,,94,2016
19,Volkswagen,Passat Variant,,Manual,Used,8999,120,2016
192,SsangYong,Korando,,Manual,Used,8999,178,2016
15,Dacia,Sandero,,Manual,Used,9,90,2016
57800,Mazda,2,,Manual,Used,9250,90,2016
86900,Ford,B-Max,,Manual,Used,9380,1,2016
56617,Volkswagen,up!,,Manual,Used,9440,90,2016
70604,Toyota,Yaris,,Manual,Used,,69,2016
,Toyota,Yaris,,Manual,Used,,69,2016
64783,Toyota,Yaris,,Manual,Used,,69,2016
146148,Opel,Astra,,Manual,Used,9495,136,2016
,Opel,Astra,,Manual,Used,9499,160,2016
179200,Volkswagen,Passat Variant,,Manual,Used,9499,120,2016
63,Opel,Adam,,Manual,Used,,87,2016
154494,,308,,Manual,Used,,120,2016
72500,Suzuki,Swift,,Manual,Used,9650,136,2016
93300,Opel,Astra,,Manual,Used,,1,2016
96999,Opel,Astra,,Manual,Used,,136,2016
3,Kia,Ceed / cee'd,,Manual,Used,,1,2016
666,Audi,A4,,Automatic,Used,20990,150,2017
6,Kia,Sorento,,Automatic,Used,27928,200,2017
67,Mercedes-Benz,GLC 220,,Automatic,Used,34900,170,2017
55,Audi,A6,,Automatic,Used,34905,252,2017
320,Mercedes-Benz,E 400,,Automatic,Used,37931,333,2017
74,smart,forTwo,,Manual,Used,5555,71,2017
31500,SEAT,Mii,,Manual,Used,5780,60,2017
62490,SEAT,Mii,,Manual,Used,6390,60,2017
0870,Volkswagen,up!,,Manual,Used,6445,60,2017
35450,Skoda,Citigo,,Manual,Used,6445,60,2017
65635,Volkswagen,up!,,Manual,Used,6490,60,2017
83,Toyota,Aygo,,Manual,Used,6500,69,2017
,Dacia,,,Manual,Used,6700,90,2017
35093,Volkswagen,up!,,Manual,Used,6750,60,2017
66,Fiat,Punto,,Manual,Used,6799,69,2017
600,Hyundai,i,,Manual,Used,6900,67,2017
118759,Ford,Fiesta,,Manual,Used,,95,2017
31500,smart,forFour,,Manual,Used,6999,71,2017
77403,Ford,Fiesta,,Manual,Used,7090,75,2017
6,Audi,A6 allroad,,Automatic,Used,31880,272,2018
73500,Audi,A4 allroad,,Automatic,Used,31980,163,2018
5,Audi,A4,,Automatic,Used,32940,218,2018
79300,Mercedes-Benz,GLC 250,,Automatic,Used,34775,204,2018
46300,Audi,Q2,,Automatic,Used,34890,190,2018
54496,Audi,A6,,Automatic,Used,35480,231,2018
51878,Volkswagen,Tiguan,,Automatic,Used,35490,239,2018
7360,Ford,Focus,,Manual,Employee's car,,150,2020
5050,Ford,Focus,,Manual,Employee's car,19970,150,2020
8125,Ford,Focus,,Manual,Employee's car,,150,2020
50,Ford,Puma,,Manual,Pre-registered,,125,2020
5050,Ford,Focus,,Manual,Employee's car,,150,2020
1,smart,forTwo,,Automatic,Used,3940,54,2011
234730,Opel,Astra,,Automatic,Used,3949,160,2011
42571,Hyundai,i,,Manual,Used,3950,69,2011
368777,Volkswagen,Caddy,CNG,Manual,Used,3950,9,2011
130274,Ford,C-Max,,Manual,Used,3950,150,2011
7517,Hyundai,i,,Manual,Used,3950,67,2011
199726,Skoda,Roomster,,Manual,Used,3980,90,2011
178304,Ford,Focus,,Manual,Used,,9,2011
21,Hyundai,i30,,Manual,Used,,90,2011
0,Hyundai,i,,Manual,Used,,69,2011
416,Opel,Insignia,,Manual,Used,,160,2011
4500,Nissan,Note,,Manual,Used,,88,2011
16,Renault,Megane,,Manual,Used,,6,2011
43,Hyundai,i,,Manual,Used,,69,2011
51174,Fiat,Panda,,Manual,Used,,69,2011
,Opel,Astra,,Manual,Used,3999,1,2011
1,smart,forTwo,,Automatic,Used,3999,61,2011
99121,,206,,Manual,Used,3999,60,2011
202,Ford,Focus,,Manual,Used,3999,95,2011
93,smart,forTwo,,Automatic,Used,4795,71,2012
131663,Ford,Fiesta,,Manual,Used,4799,60,2012
137500,Volkswagen,up!,,Manual,Used,,75,2012
122600,,207,,Manual,Used,,120,2012
81698,Volkswagen,up!,,Manual,Used,4804,60,2012
87,Opel,Corsa,,Manual,Used,4850,69,2012
89,Kia,Picanto,,Manual,Used,4870,69,2012
26147,Renault,Twingo,,Manual,Used,4890,75,2012
81500,Toyota,Aygo,,Manual,Used,4899,68,2012
119600,Ford,Fiesta,,Manual,Used,4900,82,2012
153289,Hyundai,i30,LPG,Manual,Used,4900,9,2012
322418,Skoda,Octavia,,Automatic,Used,4900,140,2012
52,Ford,Fiesta,,Automatic,Used,4900,97,2012
56,Ford,Ka/Ka+,,Manual,Used,4900,69,2012
276,Audi,A3,,Manual,Used,4900,140,2012
215,Ford,Focus,,Manual,Used,4900,116,2012
159999,Fiat,Doblo,,Manual,Used,4900,90,2012
800,Toyota,Aygo,,Manual,Used,4900,68,2012
120185,SEAT,Ibiza,,Manual,Used,4948,5,2012
116,SEAT,Ibiza,,Manual,Used,4950,86,2012
0,Ford,Ka/Ka+,,Manual,Used,,69,2013
175,Kia,Ceed SW / cee'd SW,,Manual,Used,,128,2013
74415,Fiat,Grande Punto,,Manual,Used,,69,2013
42,Hyundai,i20,,Manual,Used,,86,2013
85571,Kia,Rio,,Manual,Used,5,86,2013
473,Mercedes-Benz,E 200,,Automatic,Used,5,136,2013
0,Ford,Ka/Ka+,,Manual,Used,50,69,2013
73350,Skoda,Citigo,,Manual,Used,5180,60,2013
124,Ford,Fiesta,,Manual,Used,5200,75,2013
162300,Opel,Adam,,Manual,Used,5200,69,2013
38220,Toyota,Aygo,,Manual,Used,5200,68,2013
,Kia,Rio,,Manual,Used,5200,86,2013
115,Citroen,DS3,,Manual,Used,5200,120,2013
94,SEAT,Ibiza,,Manual,Used,5200,69,2013
74,Dacia,Logan,,Manual,Used,5200,90,2013
,Kia,Rio,,Manual,Used,5200,86,2013
58200,Ford,Fiesta,,Manual,Used,5200,60,2013
,Kia,Venga,,Manual,Used,5200,90,2013
7,Ford,Ka/Ka+,,Manual,Used,,69,2013
,Dacia,Sandero,,Manual,Used,,90,2013
,Ford,Fiesta,,Manual,Used,,60,2015
50531,smart,forTwo,,Automatic,Used,,71,2015
55650,Mitsubishi,Space Star,,Manual,Used,,71,2015
42,SEAT,Mii,,Manual,Used,,60,2015
174418,SEAT,Ibiza,,Manual,Used,,5,2015
179850,Ford,Focus,,Manual,Used,5999,120,2015
54777,Ford,Fiesta,,Manual,Used,5999,60,2015
3,Skoda,Citigo,,Manual,Used,6,60,2015
45,smart,forTwo,,Manual,Used,6,71,2015
93,Fiat,Punto Evo,,Manual,Used,6,69,2015
11,Skoda,Fabia,,Manual,Used,6,90,2015
0,Hyundai,i,,Manual,Used,6180,87,2015
790,Nissan,Micra,,Manual,Used,6199,80,2015
87370,Skoda,Fabia,,Manual,Used,6199,86,2015
157300,Fiat,Punto Evo,,Manual,Used,6200,77,2015
61880,Renault,Twingo,,Manual,Used,6200,71,2015
45,Nissan,Micra,,Manual,Used,6200,80,2015
36018,Mitsubishi,Space Star,,Manual,Used,6222,,2015
132,Ford,Fiesta,,Manual,Used,6250,95,2015
77559,Opel,Corsa,,Manual,Used,6290,69,2015
42,Ford,Kuga,,Manual,Used,13790,120,2016
147,BMW,320,,Manual,Used,13999,190,2016
88250,Opel,Astra,,Manual,Used,14390,136,2016
6,Opel,Zafira,,Automatic,Used,14750,170,2016
460,Opel,Mokka,,Manual,Used,14950,136,2016
0,Opel,Mokka,,Manual,Used,1,136,2016
142,BMW,330,,Automatic,Used,16490,258,2016
38500,Volkswagen,Touran,,Manual,Used,16500,1,2016
136498,Ford,S-Max,,Automatic,Used,18450,179,2016
112300,Audi,A4,,Automatic,Used,18450,190,2016
12600,Ford,Transit Custom,,Manual,Used,1,155,2016
2,BMW,530,,Automatic,Used,1,258,2016
,Mercedes-Benz,GLA 180,,Manual,Used,1,122,2016
34300,Mercedes-Benz,A 160,,Automatic,Used,20899,2,2016
13,BMW,430,,Automatic,Used,21700,258,2016
133500,Audi,A6,,Automatic,Used,22350,272,2016
0,BMW,520,,Automatic,Used,23999,184,2016
0,BMW,520,,Automatic,Used,23999,184,2016
188500,BMW,535,,Automatic,Used,24499,313,2016
98500,Volkswagen,T6 Multivan,,Manual,Used,,2,2016
16500,Mercedes-Benz,E 220,,Automatic,Used,30888,194,2017
67500,Mercedes-Benz,E 220,,Automatic,Used,30888,194,2017
49,Ford,Focus,,Manual,Used,30900,349,2017
4,Mercedes-Benz,C 250,,Automatic,Used,31290,211,2017
59658,Mercedes-Benz,C 300,,Automatic,Used,31487,245,2017
27,Ford,Kuga,,Automatic,Used,31690,179,2017
53501,Volvo,XC60,,Automatic,Used,31899,190,2017
67,Mercedes-Benz,A 45 AMG,,Automatic,Used,31900,381,2017
50,Mercedes-Benz,GLC 250,,Automatic,Used,32666,204,2017
27491,Ford,Focus,,Manual,Used,32900,349,2017
45,Audi,S3,,Automatic,Used,32900,3,2017
71494,Mercedes-Benz,GLC 350,,Automatic,Used,32980,258,2017
36977,Volvo,V90 Cross Country,,Automatic,Used,33280,254,2017
22181,Volvo,XC60,,Automatic,Used,33590,220,2017
29973,Audi,A4,,Automatic,Used,33650,252,2017
86900,Volvo,XC90,,Automatic,Used,33749,235,2017
86419,Audi,Q5,,Automatic,Used,33920,190,2017
113,Audi,SQ5,,Automatic,Used,3,326,2017
4,Volvo,XC60,,Automatic,Used,34760,220,2017
38951,Mercedes-Benz,GLC 250,,Automatic,Used,36490,204,2017
32,Cupra,Ateca,,Automatic,Used,33900,300,2018
125,Mercedes-Benz,V 220,,Automatic,Used,33980,163,2018
550,BMW,520,,Automatic,Used,3,190,2018
877,Audi,A6,,Automatic,Used,3,272,2018
27586,Audi,A5,,Automatic,Used,34589,190,2018
74426,Audi,Q5,,Automatic,Used,34820,163,2018
87582,Audi,A5,,Automatic,Used,34820,218,2018
54,Mercedes-Benz,C 250,,Automatic,Used,34900,211,2018
7496,Volvo,XC90,,Automatic,Used,3,235,2018
45726,Ford,Edge,,Automatic,Used,3,209,2018
18202,Ford,Edge,,Automatic,Used,3,209,2018
99862,Audi,A6,,Automatic,Used,35740,326,2018
36605,Volvo,V60,,Automatic,Used,35989,250,2018
32950,Volvo,V90 Cross Country,,Automatic,Used,36450,235,2018
84689,Audi,A6,,Automatic,Used,36550,320,2018
30797,Mercedes-Benz,GLC 250,,Automatic,Used,36770,211,2018
429,Volkswagen,Tiguan,,Automatic,Used,36880,220,2018
23123,Mercedes-Benz,E 200,,Automatic,Used,36880,184,2018
827,Audi,S3,,Automatic,Used,36900,3,2018
33,Audi,S3,,Automatic,Used,36900,3,2018
197,Volkswagen,Golf GTI,,Automatic,Used,27480,245,2019
,Hyundai,Ioniq,Electric,Manual,Demonstration,27670,120,2019
15243,Volkswagen,Golf GTI,,Automatic,Used,27890,245,2019
15500,Audi,A3,,Manual,Used,27940,150,2019
14900,Ford,Galaxy,,Automatic,Used,27950,150,2019
26175,Mercedes-Benz,C 220,,Automatic,Used,2,194,2019
15,Toyota,Camry,Electric/,Automatic,Used,2,218,2019
14355,Hyundai,Tucson,,Automatic,Used,27991,177,2019
28458,Renault,Talisman,,Automatic,Used,28401,224,2019
34464,Volkswagen,Golf GTI,,Automatic,Used,28450,245,2019
22422,Volkswagen,Tiguan,,Automatic,Used,28480,190,2019
5,Kia,Optima,,Automatic,Demonstration,28590,179,2019
28933,Kia,Optima,,Automatic,Demonstration,28690,238,2019
20302,Ford,Galaxy,,Manual,Used,28711,190,2019
17894,Volkswagen,T6.1 Transporter,,Manual,Used,28718,114,2019
,Audi,A4,,Automatic,Used,28750,136,2019
8191,Audi,Q2,,Automatic,Used,,150,2019
13399,Volkswagen,Tiguan,,Manual,Used,28870,150,2019
193,Ford,Kuga,,Automatic,Used,28950,179,2019
9306,Ford,Puma,,Manual,Employee's car,21498,125,2020
,Hyundai,i30,,Automatic,Demonstration,21540,140,2020
6500,SEAT,Ateca,,Manual,Demonstration,21550,116,2020
5,Hyundai,Tucson,,Automatic,Pre-registered,36870,179,2021
,Hyundai,i30,,Automatic,Pre-registered,3,280,2021
,Hyundai,i30,,Automatic,Pre-registered,37550,280,2021
5,Hyundai,Tucson,Electric/,Automatic,Pre-registered,37970,230,2021
5,Hyundai,Tucson,Electric/,Automatic,Pre-registered,37970,230,2021
125,Volkswagen,Tiguan,,Automatic,Employee's car,37980,150,2021
125,Volkswagen,Tiguan,,Automatic,Employee's car,37980,150,2021
18,Hyundai,Tucson,Electric/,Automatic,Pre-registered,37988,230,2021
,Hyundai,Tucson,Electric/,Automatic,Demonstration,38387,230,2021
,Hyundai,Tucson,Electric/,Automatic,Pre-registered,38440,265,2021
12,Ford,Tourneo Custom,,Manual,Used,39850,185,2021
5,Jeep,Compass,Electric/,Automatic,Demonstration,39890,179,2021
12,Hyundai,Tucson,,Automatic,Pre-registered,39988,179,2021
2900,Cupra,Leon,Electric/,Automatic,Used,3,245,2021
2500,Cupra,Formentor,Electric/,Automatic,Demonstration,3,245,2021
1500,Cupra,Ateca,,Automatic,Employee's car,40499,300,2021
2500,Opel,Grandland X,Electric/,Automatic,Used,40780,300,2021
2222,,5008,,Automatic,Demonstration,40840,181,2021
,Ford,Ranger,,Automatic,Used,40850,212,2021
,Citroen,Spacetourer,,Automatic,Pre-registered,40890,177,2021
177,Renault,Megane,,Manual,Used,,90,2011
177,Ford,Focus,,Manual,Used,3999,9,2011
1,smart,forTwo,,Automatic,Used,3999,61,2011
83223,,207,,Manual,Used,3999,95,2011
69,Renault,Clio,,Manual,Used,3999,75,2011
162300,Opel,Astra,,Manual,Used,3999,1,2011
144,Mercedes-Benz,A 180,,Manual,Used,3999,9,2011
46850,Suzuki,Alto,,,Used,3999,68,2011
16,Hyundai,i30,,Manual,Used,3999,90,2011
500,Volkswagen,Touran,,Manual,Used,3999,5,2011
181701,Opel,Meriva,,Manual,Used,3999,1,2011
9,SEAT,Ibiza,,Manual,Used,4,69,2011
145,Citroen,C3,,Manual,Used,4,73,2011
54071,Hyundai,i,,Manual,Used,4099,69,2011
176,Suzuki,Swift,,Manual,Used,4200,75,2011
30500,,207,,Manual,Used,4200,95,2011
434,Skoda,Superb,,Automatic,Used,4200,170,2011
306,Fiat,Scudo,,Manual,Used,4200,136,2011
62,Fiat,Panda,,Manual,Used,4200,69,2011
144134,Hyundai,i30,,Manual,Used,4490,90,2012
1,Fiat,500,,Manual,Used,4490,69,2012
43,Hyundai,i,,Manual,Used,4490,69,2012
264038,Volkswagen,Golf,,Manual,Used,4490,5,2012
0,Renault,Clio,,Manual,Used,4490,75,2012
77709,Nissan,Micra,,Manual,Used,4490,80,2012
1474,,207,,Manual,Used,4499,95,2012
16,,308,,Manual,Used,4499,111,2012
7,Opel,Corsa,,Manual,Used,4499,69,2012
75,Ford,Fiesta,,Manual,Used,4499,60,2012
90,Kia,Picanto,,Manual,Used,4499,69,2012
98789,Opel,Corsa,,Manual,Used,4499,87,2012
90,Volkswagen,up!,,Manual,Used,4500,60,2012
207,Opel,Combo,,Manual,Used,4500,5,2012
153,Skoda,Roomster,,Manual,Used,4500,75,2012
14,Opel,Astra,,Manual,Used,4500,1,2012
65500,Opel,Corsa,,Manual,Used,4500,69,2012
117,Volkswagen,up!,,Manual,Used,4500,75,2012
167500,Opel,Corsa,,Manual,Used,4500,131,2012
61700,Renault,Twingo,,Manual,Used,4500,75,2012
97,Kia,Picanto,,Manual,Used,,69,2013
75,Mitsubishi,Space Star,,Manual,Used,,80,2013
155,Renault,Megane,,Manual,Used,,116,2013
155,Renault,Megane,,Manual,Used,,116,2013
175,Kia,Ceed SW / cee'd SW,,Manual,Used,,128,2013
12,Skoda,Fabia,,Manual,Used,,86,2013
74415,Fiat,Grande Punto,,Manual,Used,,69,2013
42,Hyundai,i20,,Manual,Used,,86,2013
,Opel,Corsa,,Manual,Used,5150,87,2013
240,Ford,Focus,,Manual,Used,5150,140,2013
129073,Kia,Rio,,Manual,Used,5199,9,2013
38220,Toyota,Aygo,,Manual,Used,5200,68,2013
77220,Renault,Megane,,Manual,Used,5200,1,2013
2,Skoda,Octavia,,Manual,Used,,5,2013
,Fiat,Panda,,Automatic,Used,5300,86,2013
74,Renault,Twingo,,Manual,Used,5300,75,2013
9,SEAT,Mii,,Manual,Used,5300,60,2013
96,Opel,Corsa,,Manual,Used,5300,69,2013
,Chevrolet,Cruze,,Manual,Used,5300,141,2013
197,Toyota,Yaris,,Manual,Used,5300,99,2013
129,Nissan,Note,,Manual,Used,5600,90,2014
8900,Opel,Corsa,,Manual,Used,5650,87,2014
0,Skoda,Fabia,,Manual,Used,5650,60,2014
50130,Fiat,Punto,,Manual,Used,5680,69,2014
53196,smart,forTwo,,Automatic,Used,5700,71,2014
125,Skoda,Fabia,,Manual,Used,5700,75,2014
6700,Skoda,Fabia,,Manual,Used,57,75,2014
90,Skoda,Fabia,,Manual,Used,5750,75,2014
32,Opel,Corsa,,Manual,Used,5750,69,2014
32,Opel,Corsa,,Manual,Used,5750,69,2014
33,Fiat,Panda,,Manual,Used,5750,69,2014
70400,SEAT,Ibiza,,Manual,Used,5790,69,2014
63,Dacia,Logan,,Manual,Used,5790,75,2014
47765,Opel,Corsa,,Manual,Used,5790,69,2014
45,,8,,Manual,Used,5799,82,2014
2900,Ford,Fiesta,,Manual,Used,5799,60,2014
97333,Ford,Fiesta,,Manual,Used,5800,125,2014
,SEAT,Altea,,Manual,Used,5800,5,2014
,Fiat,500,,Manual,Used,5800,69,2014
93651,Volkswagen,up!,,Manual,Used,5800,60,2014
55299,Hyundai,i,,Manual,Used,5944,67,2015
53800,Volkswagen,up!,,Manual,Used,,60,2015
53,SEAT,Ibiza,,Manual,Used,,69,2015
22600,,8,,Manual,Used,,69,2015
125,SEAT,Ibiza,,Manual,Used,,86,2015
0,Skoda,Citigo,,Manual,Used,,60,2015
27,Volkswagen,Golf,,Manual,Used,,5,2015
55,Renault,Twingo,,Manual,Used,,71,2015
3,Volkswagen,up!,,Manual,Used,5999,60,2015
900,Dacia,Sandero,,Manual,Used,5999,90,2015
94751,,208,,Manual,Used,5999,82,2015
32,Renault,Twingo,,Manual,Used,5999,71,2015
,Mitsubishi,Space Star,,Manual,Used,5999,71,2015
54777,Ford,Fiesta,,Manual,Used,5999,60,2015
85675,Volkswagen,up!,,Manual,Used,5999,60,2015
11,Skoda,Fabia,,Manual,Used,6,90,2015
54500,Ford,Fiesta,,Manual,Used,60,82,2015
43447,Opel,Corsa,,Manual,Used,60,69,2015
790,Nissan,Micra,,Manual,Used,6199,80,2015
44849,smart,forTwo,,Manual,Used,6200,71,2015
50423,Volkswagen,Phaeton,,Automatic,Used,34822,334,2016
72072,Volkswagen,Phaeton,,Automatic,Used,34822,334,2016
52916,Volkswagen,Phaeton,,Automatic,Used,34822,334,2016
5,Volkswagen,Phaeton,,Automatic,Used,34822,334,2016
44615,Volkswagen,Phaeton,,Automatic,Used,34822,334,2016
94250,Volkswagen,Phaeton,,Automatic,Used,34822,334,2016
86600,Volkswagen,Phaeton,,Automatic,Used,34822,334,2016
36409,Volkswagen,Phaeton,,Automatic,Used,35777,334,2016
8320,Volkswagen,Phaeton,,Automatic,Used,35877,334,2016
58300,Mercedes-Benz,GLE 350,,Automatic,Used,3,258,2016
61411,Volkswagen,Phaeton,,Automatic,Used,43888,334,2016
160,Audi,S4,,Automatic,Used,44449,354,2016
99989,Mercedes-Benz,GLE 350,,Automatic,Used,9,258,2016
35800,Maserati,GranTurismo,,Automatic,Used,9460,460,2016
65500,Bentley,Continental,,Automatic,Used,,635,2016
1700,Opel,Zafira Tourer,,Automatic,Used,3299,131,2016
152612,Skoda,Citigo,,Manual,Used,3799,60,2016
4,Mercedes-Benz,Citan,,Manual,Used,4250,75,2016
98280,Dacia,Logan,,Manual,Used,,73,2016
137,Dacia,Sandero,,Manual,Used,4490,73,2016
75419,Opel,Astra,,Manual,Used,1,136,2018
24415,Ford,C-Max,,Manual,Used,1,1,2018
,Hyundai,Kona,,Manual,Used,14450,120,2018
,Volkswagen,Passat Variant,,Automatic,Used,145,150,2018
16900,Toyota,Yaris,Electric/,Automatic,Used,1,2,2018
25587,MINI,Cooper S,,Manual,Used,19499,192,2018
3,SEAT,Arona,,Automatic,Used,19550,116,2018
14175,Volvo,XC90,,Automatic,Used,4,3,2019
43701,Mercedes-Benz,CLS 350,,Automatic,Used,48480,286,2019
5526,Mercedes-Benz,GLC 250,,Automatic,Used,49290,211,2019
25,Ford,Transit Custom,,Manual,Demonstration,50247,170,2019
25531,Volvo,XC90,,Automatic,Used,51770,235,2019
16203,Audi,Q5,Electric/,Automatic,Used,52170,367,2019
130,Audi,A7,,Automatic,Used,52430,204,2019
6897,Audi,S4,,Automatic,Used,54450,347,2019
2,Audi,A6 allroad,,Automatic,Demonstration,56950,286,2019
30225,Porsche,Macan,,Automatic,Used,5,245,2019
6752,Audi,A5,,Automatic,Used,60950,286,2019
17480,Audi,A6,,Automatic,Used,61591,286,2019
25500,Audi,A8,,Automatic,Used,64888,286,2019
18319,Audi,RS Q3,,Automatic,Used,66750,400,2019
15186,Audi,SQ7,,Automatic,Used,67480,435,2019
5715,Audi,RS,,Automatic,Used,,450,2019
7146,Volkswagen,Touareg,,Automatic,Used,77960,421,2019
9987,Mercedes-Benz,E 53 AMG,,Automatic,Used,82290,435,2019
24117,Porsche,Cayenne,,Automatic,Used,8,340,2019
2267,Mercedes-Benz,GLS 500,,Automatic,Used,86885,455,2019
20683,Volvo,XC40,,Automatic,Used,33780,150,2020
16162,Skoda,Kodiaq,,Automatic,Used,33841,190,2020
5777,Mazda,CX-5,,Automatic,Demonstration,33870,194,2020
127,Volkswagen,Arteon,,Automatic,Used,33908,190,2020
12851,Volkswagen,Passat Variant,,Automatic,Used,33998,218,2020
9853,Volkswagen,Passat Variant,Electric/,Automatic,Used,34390,218,2020
4183,Volkswagen,T-Roc,,Automatic,Used,34420,150,2020
138,Volvo,V60,,Automatic,Used,34480,190,2020
20238,Volkswagen,Sharan,,Automatic,Used,34720,150,2020
50,Skoda,Octavia,,Automatic,Pre-registered,34745,245,2020
14900,Audi,A3,Electric/,Automatic,Demonstration,34750,204,2020
8350,,3008,,Automatic,Employee's car,34890,181,2020
3500,Volkswagen,Passat,-/- (Fuel),Automatic,Used,34900,156,2020
9190,Volkswagen,ID.3,Electric,Automatic,Used,34920,204,2020
5681,Skoda,Kodiaq,,Automatic,Used,34928,190,2020
9986,Audi,A3,,Automatic,Used,,150,2020
6,Ford,Mondeo,,Automatic,Demonstration,,165,2020
,SEAT,Leon,,Automatic,Pre-registered,,300,2020
,Ford,Kuga,Electric/,Automatic,Used,,224,2020
3500,Volvo,V60,,Automatic,Demonstration,34970,163,2020
5,Volkswagen,Arteon,,Automatic,Demonstration,56555,200,2021
,Audi,Q5,,Automatic,Demonstration,57880,204,2021
3,Mercedes-Benz,V 300,,Automatic,Demonstration,5,237,2021
4900,,508,Electric/,Automatic,Demonstration,58373,360,2021
3,Mercedes-Benz,V 250,,Automatic,Demonstration,5,190,2021
,Audi,Q5,,Automatic,Demonstration,63880,204,2021
15,Volkswagen,T6.1 Multivan,,Automatic,Used,64808,204,2021
1500,Volvo,XC40,Electric,Automatic,Demonstration,64890,408,2021
1944,Volkswagen,Arteon,,Automatic,Demonstration,64900,280,2021
4900,Volkswagen,Tiguan,,Automatic,Demonstration,6,320,2021
5,Volvo,S60,Electric/,Automatic,Demonstration,65880,392,2021
5,Volkswagen,T6 Multivan,,Automatic,Demonstration,69555,204,2021
00,Volvo,XC40,Electric,Automatic,Demonstration,69880,408,2021
15,Volkswagen,T6.1 California,,Automatic,Used,71705,150,2021
3,Audi,Q5,,Automatic,Demonstration,73450,286,2021
3,Audi,Q5,,Automatic,Demonstration,73850,286,2021
,Volvo,XC60,Electric/,Automatic,Demonstration,,341,2021
,Volvo,XC60,Electric/,Automatic,Demonstration,77860,253,2021
3,Mercedes-Benz,GLC 43 AMG,,Automatic,Demonstration,82887,390,2021
6500,Porsche,Macan,,Automatic,Demonstration,83490,354,2021
156459,Ford,Mondeo,,Manual,Used,7745,160,2011
229,Volkswagen,Touran,,Automatic,Used,7750,170,2011
270,Mercedes-Benz,C 250,,Automatic,Used,7750,204,2011
152,Volkswagen,Touran,,Manual,Used,7799,140,2011
170800,Nissan,NV200,,Manual,Used,,90,2011
133,Volkswagen,Touran,,Manual,Used,,5,2011
125700,Ford,Grand C-Max,,Manual,Used,,125,2011
1,Volkswagen,Golf Plus,,Automatic,Used,,140,2011
1100,Audi,A1,,Manual,Used,,90,2011
1655,Volkswagen,Golf Plus,,Automatic,Used,7980,122,2011
89172,Hyundai,Veloster,,Manual,Used,7980,140,2011
822,,308,,Automatic,Used,,156,2011
8350,,3008,,Automatic,Used,,163,2011
86875,SEAT,Altea,,Manual,Used,,125,2011
69598,Ford,Fiesta,,Manual,Used,,135,2011
1998,BMW,320,,Manual,Used,7999,170,2011
0,SEAT,Altea,,Automatic,Used,7999,160,2011
245,Audi,A4,,Automatic,Used,,143,2011
124500,Mercedes-Benz,A 180,,Automatic,Used,80,116,2011
147,Volkswagen,Passat,,Manual,Used,8200,122,2011
2842,Audi,A4,,Manual,Used,8500,143,2012
0,Hyundai,i40,,Automatic,Used,8590,136,2012
77600,Opel,Astra,,Manual,Used,8600,140,2012
205764,Volkswagen,Tiguan,,Automatic,Used,8600,140,2012
50,Dacia,Duster,,Manual,Used,8600,5,2012
89679,Toyota,Auris,Electric/,Automatic,Used,8690,99,2012
63,Volvo,S40,,Manual,Used,8800,145,2012
53400,Citroen,C4,,Automatic,Used,8850,156,2012
99769,Opel,Antara,,Manual,Used,8880,163,2012
57300,Volkswagen,Golf Plus,,Automatic,Used,8900,5,2012
220885,Mercedes-Benz,C 220,,Automatic,Used,8950,170,2012
77500,Ford,C-Max,,Manual,Used,8950,125,2012
340,Mercedes-Benz,E 300,,Automatic,Used,8950,231,2012
53500,Ford,B-Max,,Manual,Used,8979,90,2012
34900,Ford,B-Max,,Manual,Used,,90,2012
123559,Volkswagen,Polo,,Automatic,Used,,179,2012
92272,Hyundai,iX35,,Manual,Used,,135,2012
123814,Volkswagen,Passat,,Manual,Used,,5,2012
123814,Volkswagen,Passat Variant,,Manual,Used,,5,2012
42,Opel,Meriva,,Manual,Used,,140,2012
79988,Nissan,Qashqai,,Manual,Used,9488,117,2013
83465,Ford,B-Max,,Manual,Used,,125,2013
84367,Kia,Ceed / cee'd,,Automatic,Used,9590,135,2013
116700,Opel,Astra,,Automatic,Used,9643,140,2013
127500,Skoda,Superb,,Manual,Used,,125,2013
5,Volkswagen,Tiguan,,Manual,Used,,122,2013
0,Chevrolet,Cruze,,Manual,Used,9700,140,2013
1700,MINI,Cooper D,,Automatic,Used,9700,111,2013
,Opel,Zafira Tourer,,Automatic,Used,9700,165,2013
11,Volkswagen,Golf,,Manual,Used,9780,5,2013
1383,Skoda,Yeti,,Manual,Used,,140,2013
117,Nissan,Qashqai,,Manual,Used,9850,117,2013
88523,Opel,Zafira,,Manual,Used,9890,125,2013
700,Volkswagen,Golf Plus,,Automatic,Used,,5,2013
77500,Volkswagen,Golf,,Automatic,Used,,5,2013
1,Volkswagen,Golf,,Manual,Used,,150,2013
8,Volkswagen,Golf Plus,,Automatic,Used,,140,2013
149711,Nissan,Qashqai,,Manual,Used,9945,117,2013
900,Audi,A3,,Manual,Used,,5,2013
99948,Ford,Focus,,Manual,Used,,125,2013
2300,Volkswagen,Crafter,,Manual,Used,,9,2014
54140,Renault,Captur,,Manual,Used,,90,2014
7826,Volkswagen,Golf,,Manual,Used,,5,2014
680,Volkswagen,Golf,,Manual,Used,,86,2014
164750,Volkswagen,Passat Variant,,Manual,Used,,140,2014
157599,Ford,Focus,,Manual,Used,,116,2014
48629,Opel,Astra,,Manual,Used,,140,2014
120,Volkswagen,Scirocco,,Manual,Used,9995,125,2014
137400,Volkswagen,Touran,,Manual,Used,9999,5,2014
153500,Mitsubishi,ASX,,,Used,,150,2014
137125,Volkswagen,Touran,,Manual,Used,290,140,2014
,SEAT,Leon,,Manual,Used,,150,2014
70,Ford,Focus,,Manual,Used,,150,2014
1148,Opel,Adam,,Manual,Used,445,1,2014
,SEAT,Leon,,Manual,Used,450,122,2014
122,Opel,Zafira Tourer,,Manual,Used,,140,2014
8854,BMW,116,,Manual,Used,,136,2014
119969,Volvo,V40,,Manual,Used,,120,2014
66842,Volkswagen,Polo,,Manual,Used,,1,2014
,Audi,A1,,Manual,Used,500,90,2014
91486,Renault,Scenic,,Automatic,Used,9290,1,2015
24500,Hyundai,i,,Automatic,Used,,87,2015
62500,SEAT,Leon,,Manual,Used,,86,2015
137533,Opel,Zafira,,Manual,Used,9390,131,2015
,Hyundai,iX20,,Manual,Used,9450,90,2015
7,Ford,C-Max,,Automatic,Used,9450,163,2015
96896,Opel,Combo,,Manual,Used,9480,5,2015
127726,Opel,Zafira Tourer,,Manual,Used,9480,170,2015
96896,Opel,Combo,,Manual,Used,9480,5,2015
216145,Hyundai,iX35,,Automatic,Used,,166,2015
216145,Hyundai,iX35,,Automatic,Used,,166,2015
55257,Toyota,Auris,,Manual,Used,,99,2015
179999,Opel,Mokka,,Automatic,Used,9495,136,2015
116889,Volkswagen,Golf,,Manual,Used,9580,1,2015
188864,BMW,220,,Automatic,Used,,190,2015
149433,Opel,Insignia,,Manual,Used,,140,2015
119395,Opel,Insignia,,Manual,Used,,170,2015
61927,Opel,Astra,,Manual,Used,9750,170,2015
65518,Opel,Corsa,,Semi-automatic,Used,9780,95,2015
65518,Opel,Corsa,,Semi-automatic,Used,9780,95,2015
68600,Fiat,500C,,Manual,Used,8650,69,2016
82360,Ford,Grand C-Max,,Manual,Used,8680,120,2016
169433,Opel,Astra,,Manual,Used,8680,160,2016
118740,Renault,Megane,,Manual,Used,8680,131,2016
133685,Citroen,Grand C4 Picasso,,Manual,Used,8680,120,2016
181888,Skoda,Octavia,,Automatic,Used,8700,150,2016
5521,Ford,B-Max,,Manual,Used,8750,95,2016
176873,Opel,Zafira Tourer,,Automatic,Used,8780,131,2016
167561,Opel,Mokka,,Manual,Used,8780,136,2016
86600,Opel,Corsa,,Manual,Used,8780,69,2016
822,Opel,Adam,,Manual,Used,8790,87,2016
83692,,Partner,,Manual,Used,8799,75,2016
49,SEAT,Ibiza,,Manual,Used,8800,75,2016
213,Kia,Carens,,Automatic,Used,8800,141,2016
20,,iOn,Electric,Automatic,Used,8815,67,2016
99289,Citroen,C3,,Manual,Used,8880,99,2016
224587,Ford,Mondeo,,Manual,Used,8890,150,2016
192,Ford,Mondeo,,Manual,Used,8900,120,2016
16,Volkswagen,Caddy,,Manual,Used,8900,2,2016
84200,Fiat,Panda,,Manual,Used,6450,69,2017
25,Opel,Astra,,Manual,Used,6480,1,2017
4,Volkswagen,up!,,Manual,Used,6490,60,2017
46900,Skoda,Citigo,,Manual,Used,6490,60,2017
45200,Volkswagen,up!,,Manual,Used,6490,60,2017
24,Volkswagen,up!,,Manual,Used,6550,60,2017
45,smart,forTwo,,Manual,Used,6799,71,2017
37700,SEAT,Mii,,Manual,Used,6900,60,2017
44656,Mitsubishi,Space Star,,Manual,Used,6950,71,2017
5,Volkswagen,up!,,Manual,Used,,60,2017
186673,Opel,Astra,,Manual,Used,6980,136,2017
196849,Opel,Astra,,Manual,Used,6980,1,2017
196849,Opel,Astra,,Manual,Used,6980,1,2017
162274,Opel,Astra,,Manual,Used,6980,1,2017
162274,Opel,Astra,,Manual,Used,6980,1,2017
41600,Citroen,C1,,Manual,Used,6980,69,2017
204062,Opel,Combo,,Manual,Used,,95,2017
204062,Opel,Combo,,Manual,Used,,95,2017
222955,Opel,Astra,,Manual,Used,,136,2017
63,Skoda,Citigo,,Manual,Used,6999,60,2018
45896,SEAT,Mii,LPG,Manual,Used,7450,68,2018
150533,Opel,Astra,,Manual,Used,7480,1,2018
171423,Opel,Astra,,Manual,Used,7480,1,2018
31800,Volkswagen,up!,,Manual,Used,7550,60,2018
154544,Opel,Astra,,Manual,Used,7680,1,2018
77181,Opel,Corsa,,Manual,Used,7780,75,2018
29783,Renault,Twingo,,Manual,Used,7850,69,2018
214687,Opel,Astra,,Automatic,Used,7890,136,2018
26500,Kia,Picanto,,Manual,Used,7950,67,2018
139430,Opel,Astra,,Automatic,Used,7980,136,2018
186121,Opel,Astra,,Manual,Used,7980,1,2018
39177,Hyundai,i,,Manual,Used,,67,2018
79818,smart,forTwo,,Manual,Used,,71,2018
45,Volkswagen,up!,,Manual,Used,,60,2018
59303,Dacia,Logan,,Manual,Used,,73,2018
0,Ford,Fiesta,,Manual,Used,7999,86,2018
9078,Opel,Astra,,Manual,Used,8280,1,2018
189031,SEAT,Leon,,Manual,Used,8290,116,2018
25219,Skoda,Citigo,,Manual,Used,8350,60,2018
27250,,208,,Manual,Used,990,82,2019
4900,Opel,Corsa,,Manual,Used,990,90,2019
25419,Hyundai,i20,,Manual,Used,997,75,2019
26300,,208,,Manual,Used,11190,1,2019
,Fiat,500,,Manual,Used,11220,69,2019
27517,Ford,Fiesta,,Manual,Used,11280,86,2019
8453,Opel,Adam,,Manual,Used,11440,87,2019
34900,Opel,Corsa,,Manual,Used,11450,90,2019
33692,Dacia,Sandero,,Manual,Used,11450,90,2019
59889,Opel,Crossland X,,Manual,Used,11470,83,2019
85416,Opel,Astra,,Manual,Used,11490,1,2019
,Opel,Corsa,,Manual,Used,11490,90,2019
2,Ford,Fiesta,,Manual,Used,11500,71,2019
22445,Opel,Corsa,,Manual,Used,11680,90,2019
2,Citroen,C3,,Manual,Demonstration,11697,68,2019
20411,smart,forTwo,Electric,Automatic,Used,11749,82,2019
,Opel,Astra,,Manual,Used,11790,1,2019
13770,Ford,Ka/Ka+,,Manual,Used,11850,86,2019
13850,smart,forFour,,Manual,Used,11880,90,2019
,Skoda,Fabia,,Manual,Demonstration,11900,75,2019
5,Hyundai,i,,Automatic,Used,12590,67,2020
5500,Volkswagen,up!,,Manual,Demonstration,12680,60,2020
8450,Mitsubishi,Space Star,,Automatic,Used,12690,80,2020
11281,Opel,Corsa,,Manual,Used,,75,2020
15892,Opel,Corsa,,Manual,Used,,75,2020
20,Skoda,Fabia,,Manual,Pre-registered,12750,60,2020
,Fiat,500,,Manual,Pre-registered,12850,69,2020
3397,Mitsubishi,Space Star,,Automatic,Used,12890,80,2020
20,Dacia,Sandero,,Manual,Used,,1,2020
3155,Fiat,500,,Manual,Pre-registered,,69,2020
,Fiat,500,,Manual,Pre-registered,,69,2020
3,Fiat,500,,Manual,Pre-registered,,69,2020
,Fiat,500,,Manual,Pre-registered,,69,2020
1500,Citroen,C3,,Manual,Used,12950,82,2020
50200,Ford,Fiesta,,Manual,Employee's car,12950,86,2020
0,Ford,Fiesta,,Manual,Employee's car,12950,95,2020
7500,Renault,Clio,,Manual,Demonstration,12980,72,2020
15,Fiat,500,,Automatic,Pre-registered,,69,2020
2500,Mitsubishi,Space Star,,Automatic,Used,,80,2020
7368,Fiat,Panda,,Manual,Used,,69,2020
15,Skoda,Fabia,,Manual,Used,15985,95,2021
,Dacia,Logan,,Automatic,Used,1,91,2021
20,Renault,Express,,Manual,Pre-registered,1,1,2021
,Fiat,500C,Electric/,Manual,Pre-registered,1,69,2021
,Fiat,500C,Electric/,Manual,Pre-registered,1,69,2021
5,Toyota,Yaris,,Manual,Pre-registered,1,72,2021
,Renault,ZOE,Electric,Automatic,Used,1,9,2021
,Kia,Stonic,,Manual,Demonstration,1,84,2021
,Kia,Stonic,,Manual,Demonstration,1,84,2021
20,Fiat,500,,Automatic,Pre-registered,1,69,2021
,Kia,Rio,,Manual,Pre-registered,1,84,2021
,Kia,Rio,,Manual,Pre-registered,1,84,2021
,Kia,Rio,,Manual,Pre-registered,1,84,2021
,Skoda,Fabia,,Manual,Used,16250,95,2021
20,Skoda,Fabia,,Manual,Pre-registered,1,95,2021
50,Hyundai,i20,,Manual,Used,,84,2021
50,Hyundai,i20,,Manual,Used,,84,2021
8452,Volkswagen,Polo,,Manual,Demonstration,16450,80,2021
,Renault,Clio,,Manual,Used,16490,91,2021
,Renault,Clio,,Manual,Used,16490,91,2021
181443,SEAT,Altea,,Manual,Used,4299,5,2011
1,Volkswagen,Golf Plus,,Manual,Used,4299,86,2011
145,Opel,Meriva,,Manual,Used,4300,120,2011
194,Opel,Astra,,Manual,Used,4300,165,2011
45500,Citroen,C1,,Manual,Used,4300,68,2011
128450,Opel,Corsa,,Manual,Used,4325,95,2011
174900,Dacia,Logan,,Manual,Used,4350,84,2011
225,Audi,A3,,Manual,Used,4397,5,2011
113,Fiat,500,,Manual,Used,,69,2011
74,Renault,Clio,,Manual,Used,,75,2011
1978,smart,forTwo,,Automatic,Used,,61,2011
200,Opel,Insignia,,Manual,Used,,160,2011
148298,Skoda,Roomster,,Manual,Used,,86,2011
167,Ford,Mondeo,,Manual,Used,4450,116,2011
92,smart,forTwo,,Automatic,Used,4450,71,2011
94,Opel,Astra,,Manual,Used,4450,140,2011
137,Ford,Fiesta,,Manual,Used,4480,60,2011
18,Hyundai,i30,,Manual,Used,4490,90,2011
120790,Ford,Mondeo,,Manual,Used,4490,160,2011
9,Nissan,Micra,,Manual,Used,4490,98,2011
,Citroen,C4,,Manual,Used,4900,120,2012
147700,Ford,Fiesta,,Manual,Used,4950,95,2012
85730,Dacia,Sandero,,Manual,Used,,84,2012
134,Mitsubishi,Colt,,Automatic,Used,,95,2012
82,Opel,Corsa,,Manual,Used,,69,2012
131750,Volkswagen,Polo,,Manual,Used,,75,2012
145300,Ford,Fiesta,,Manual,Used,,69,2012
45296,Chevrolet,Spark,,Manual,Used,,68,2012
62,Volkswagen,up!,,Manual,Used,,60,2012
189,Opel,Zafira,,Manual,Used,,165,2012
189,Opel,Zafira Tourer,,Manual,Used,,165,2012
131128,Volkswagen,Polo,,Manual,Used,,69,2012
89675,Ford,Fiesta,,Manual,Used,,60,2012
14,Ford,Focus,,Manual,Used,,150,2012
93,,208,,Manual,Used,,95,2012
99250,Ford,Fiesta,,Manual,Used,4995,60,2012
90,Hyundai,i20,,Manual,Used,,86,2012
2,Volkswagen,Polo,,Manual,Used,,60,2012
218199,Volkswagen,Golf,,Manual,Used,,5,2012
140,Renault,Scenic,,Automatic,Used,,140,2012
,SEAT,Ibiza,,Manual,Used,,86,2013
62,Toyota,Aygo,,Manual,Used,,68,2013
97,Skoda,Roomster,,Manual,Used,,86,2013
133393,SEAT,Ibiza,,Manual,Used,5950,5,2013
73,,208,,Manual,Used,5950,95,2013
9200,Skoda,Roomster,,Manual,Used,5970,86,2013
1300,Renault,Clio,,Manual,Used,5980,90,2013
77,Fiat,500,,Manual,Used,,69,2013
,Opel,Astra,,Manual,Used,,1,2013
12,Opel,Meriva,,Manual,Used,,1,2013
61590,SEAT,Mii,,Manual,Used,,60,2013
53,Renault,Megane,,Manual,Used,,1,2013
40,Skoda,Citigo,,Manual,Used,,75,2013
133950,Renault,Scenic,,Manual,Used,,116,2013
1,Opel,Astra,,Manual,Used,,1,2013
94,Ford,Fiesta,,Manual,Used,,60,2013
77,Opel,Corsa,,Manual,Used,,87,2013
0,SEAT,Ibiza,,Manual,Used,5995,5,2013
400,Opel,Corsa,,Manual,Used,5999,69,2013
65,Ford,B-Max,,Manual,Used,5999,90,2013
200,Volkswagen,Golf,,Manual,Used,6200,5,2014
,Opel,Astra,,Manual,Used,6200,1,2014
,Skoda,Rapid/Spaceback,,Manual,Used,6200,86,2014
70200,Volkswagen,up!,,Manual,Used,6200,75,2014
56,Opel,Corsa,,Manual,Used,6200,86,2014
32900,Renault,ZOE,Electric,Automatic,Used,6250,58,2014
62,Fiat,500,,Manual,Used,6250,69,2014
0,Opel,Corsa,,Manual,Used,6280,87,2014
8150,Mitsubishi,Space Star,,Manual,Used,6295,71,2014
90,Fiat,Panda,,Manual,Used,,69,2014
44,Fiat,Panda,,Manual,Used,6390,69,2014
98700,Opel,Corsa,,Manual,Used,,1,2014
2,Ford,Transit Connect,,Manual,Used,,95,2014
9144,Renault,Megane,,Manual,Used,6450,1,2014
48651,Hyundai,i,,Manual,Used,6478,67,2014
94690,Nissan,Micra,,Manual,Used,6490,80,2014
70,Volkswagen,Polo,,Manual,Used,6490,60,2014
82500,Renault,Clio,,Manual,Used,6495,73,2014
2,Hyundai,iX20,,Manual,Used,6499,125,2014
115,Mazda,3,,Manual,Used,90,165,2014
126357,Volkswagen,Golf,,Manual,Used,9450,1,2014
115800,Ford,Focus,,Manual,Used,9480,150,2014
87950,Skoda,Rapid/Spaceback,,Manual,Used,,5,2014
89821,SsangYong,Korando,,Manual,Used,,150,2014
75384,Ford,C-Max,,Manual,Used,,125,2014
119819,Ford,Mondeo,,Manual,Used,9499,160,2014
89048,Volkswagen,Golf Variant,,Manual,Used,9499,1,2014
40775,Kia,Ceed / cee'd,,Manual,Used,,135,2014
43614,Suzuki,Swift,,Manual,Used,,136,2014
47,SEAT,Leon,,Automatic,Used,1,150,2015
63387,Hyundai,Tucson,,Manual,Used,16290,177,2015
115300,Renault,Twingo,,Manual,Used,,71,2016
66798,Opel,Adam,,Manual,Used,7490,69,2016
68027,Opel,Meriva,,Manual,Used,8650,120,2016
29354,Suzuki,Swift,,Manual,Used,8940,94,2016
19399,Volkswagen,Caddy,,Manual,Used,9960,75,2016
1270,Volkswagen,Golf,,Manual,Used,6500,86,2011
142,SEAT,Ibiza,,Automatic,Used,6500,179,2011
84,Volkswagen,Polo,,Manual,Used,6600,69,2011
2,Volkswagen,Touran,,Manual,Used,6699,5,2011
170500,Volkswagen,Touran,,Manual,Used,6699,5,2011
149,Citroen,C5,,Automatic,Used,6700,163,2011
167730,MINI,Cooper S,,Manual,Used,6750,184,2011
18350,Fiat,Fiorino,Electric,Manual,Used,6770,41,2011
0,Skoda,Octavia,,Manual,Used,,122,2011
1,Volkswagen,Golf Plus,,Manual,Used,,5,2011
6,Audi,A5,,Manual,Used,,179,2011
11,Skoda,Octavia,,Automatic,Used,,122,2011
,Volkswagen,Golf,,Manual,Used,6850,122,2011
930,Volkswagen,Golf Variant,,Manual,Used,6850,122,2011
77500,Skoda,Octavia,,Manual,Used,6850,80,2011
116200,Volkswagen,Polo,,Manual,Used,,60,2011
13,Volkswagen,Caddy,,Automatic,Used,6900,75,2011
221220,Volkswagen,Touran,,Manual,Used,6900,5,2011
90,Opel,Astra,,Manual,Used,6900,140,2011
56,Fiat,500C,,Manual,Used,6900,69,2011
113,Opel,Astra,,Manual,Used,5999,140,2011
271450,Subaru,Forester,,Automatic,Used,5999,150,2011
185,Fiat,Punto Evo,,Manual,Used,5999,135,2011
87,Hyundai,iX20,,Manual,Used,5999,90,2011
185,BMW,118,,Manual,Used,5999,143,2011
120,Opel,Astra,,Automatic,Used,5999,179,2011
89499,Hyundai,iX20,,Manual,Used,5999,125,2011
0,Citroen,C4,,Manual,Used,6,120,2011
132,Mazda,5,,Manual,Used,6,150,2011
130500,Renault,Scenic,,Manual,Used,6,131,2011
86,Renault,Megane,,Manual,Used,6,6,2011
00,Renault,Kangoo,,Manual,Used,6,86,2011
200,Opel,Insignia,,Manual,Used,6,131,2011
140224,Ford,Fiesta,,Manual,Used,6099,120,2011
92,Opel,Astra,,Manual,Used,60,1,2011
117,Opel,Astra,,Manual,Used,6150,120,2011
152467,Citroen,Jumpy,,Manual,Used,6190,120,2011
212,Volkswagen,Passat Variant,,Manual,Used,6199,5,2011
142600,Skoda,Fabia,,Manual,Used,6200,86,2011
63765,Volkswagen,Golf Plus,,Manual,Used,6250,86,2011
56200,Skoda,Roomster,,Manual,Used,4900,69,2011
34992,Citroen,C3,,Manual,Used,4900,60,2011
224203,Volkswagen,Golf,,Manual,Used,4900,80,2011
197,Volkswagen,Golf,,Automatic,Used,4950,140,2011
62886,Hyundai,i20,,Manual,Used,4950,77,2011
62886,Hyundai,i20,,Manual,Used,4950,77,2011
155690,Ford,C-Max,,Manual,Used,4957,150,2011
,Skoda,Fabia,,Manual,Used,4970,60,2011
140,Ford,Focus,,Manual,Used,4970,1,2011
157,Mazda,5,,Manual,Used,,116,2011
226843,Opel,Astra,,Manual,Used,,125,2011
52603,,207,,Manual,Used,,95,2011
24950,Ford,Ka/Ka+,,Manual,Used,,69,2011
65560,Nissan,Micra,,Manual,Used,,80,2011
17,Citroen,C4,,Manual,Used,,120,2011
65,,207,,Manual,Used,,73,2011
166291,Renault,Scenic,,Manual,Used,,131,2011
84687,Renault,Clio,,Manual,Used,,75,2011
,Opel,Corsa,,Manual,Used,,87,2011
1340,,207,,Manual,Used,,111,2011
189,Opel,Insignia,,Manual,Used,6950,160,2011
73020,Mazda,3,,Manual,Used,6950,5,2011
119515,Opel,Meriva,,Manual,Used,6950,120,2011
67325,Skoda,Octavia,,Manual,Used,6980,122,2011
145500,Volkswagen,Golf,,Manual,Used,,140,2011
71300,Volkswagen,Polo Cross,,Manual,Used,,5,2011
0,Renault,Clio,,Automatic,Used,,111,2011
77147,Suzuki,SX4,,Manual,Used,,135,2011
117,Nissan,Juke,,Manual,Used,,117,2011
34,Mitsubishi,Colt,,Automatic,Used,6998,95,2011
182,Alfa,Romeo Giulietta,,Manual,Used,7,170,2011
142,Audi,A1,,Manual,Used,7,86,2011
193,Ford,Transit,,Manual,Used,7,116,2011
156,Fiat,Freemont,,Manual,Used,7,140,2011
1,Fiat,Doblo,,Manual,Used,7,135,2011
1200,Volkswagen,Golf,,Manual,Used,70,122,2011
7,Honda,CR-Z,Electric/,Manual,Used,7150,114,2011
157165,Opel,Zafira,,Manual,Used,7190,131,2011
240,Volkswagen,Touran,,Automatic,Used,,140,2011
61200,Nissan,Qashqai,,,Used,,140,2011
98500,Volkswagen,Polo,,Manual,Used,6250,69,2011
124256,,508,,Manual,Used,6280,156,2011
163900,Nissan,Qashqai,,Manual,Used,6290,150,2011
148603,Citroen,Jumpy,,Manual,Used,6290,120,2011
148340,Audi,A1,,Manual,Used,,5,2011
1,Ford,Mondeo,,Manual,Used,6399,120,2011
7530,Citroen,Berlingo,,Manual,Used,,120,2011
134,BMW,116,,Manual,Used,,122,2011
37580,Opel,Astra,,Manual,Used,6450,87,2011
